start,end,reason,detector,n_points,scope,formulation
2023-01-01 00:00:00,2023-01-01 11:50:00,TRANSIENT,causal_mode_v1,72,fit_and_advice,исключены данные с 2023-01-01 00:00:00 по 2023-01-01 11:50:00 по причине: переходный режим после пуска
2023-05-06 19:30:00,2023-05-10 10:20:00,PAK_FLATLINE,causal_run_length,522,pak_measurement,исключены данные с 2023-05-06 19:30:00 по 2023-05-10 10:20:00 по причине: зависание поточного анализатора (флэтлайн)
2024-01-04 06:30:00,2024-01-04 08:30:00,PAK_FLATLINE,causal_run_length,13,pak_measurement,исключены данные с 2024-01-04 06:30:00 по 2024-01-04 08:30:00 по причине: зависание поточного анализатора (флэтлайн)
2024-01-07 22:40:00,2024-01-07 22:40:00,PAK_FLATLINE,causal_run_length,1,pak_measurement,исключены данные с 2024-01-07 22:40:00 по 2024-01-07 22:40:00 по причине: зависание поточного анализатора (флэтлайн)
2024-02-29 03:50:00,2024-02-29 19:10:00,PAK_FLATLINE,causal_run_length,93,pak_measurement,исключены данные с 2024-02-29 03:50:00 по 2024-02-29 19:10:00 по причине: зависание поточного анализатора (флэтлайн)
2024-03-15 15:10:00,2024-03-15 18:50:00,PAK_FLATLINE,causal_run_length,23,pak_measurement,исключены данные с 2024-03-15 15:10:00 по 2024-03-15 18:50:00 по причине: зависание поточного анализатора (флэтлайн)
2024-03-16 23:50:00,2024-03-17 07:50:00,TRANSIENT,causal_mode_v1,49,fit_and_advice,исключены данные с 2024-03-16 23:50:00 по 2024-03-17 07:50:00 по причине: переходный режим после пуска
2024-03-17 00:10:00,2024-05-02 12:10:00,PAK_FLATLINE,causal_run_length,6697,pak_measurement,исключены данные с 2024-03-17 00:10:00 по 2024-05-02 12:10:00 по причине: зависание поточного анализатора (флэтлайн)
2024-03-17 08:00:00,2024-03-18 09:40:00,SHUTDOWN,causal_mode_v1,155,fit_and_advice,исключены данные с 2024-03-17 08:00:00 по 2024-03-18 09:40:00 по причине: установка остановлена (режим вне рабочего)
2024-03-18 09:50:00,2024-04-03 08:50:00,TRANSIENT,causal_mode_v1,2299,fit_and_advice,исключены данные с 2024-03-18 09:50:00 по 2024-04-03 08:50:00 по причине: переходный режим после пуска
2024-04-03 09:00:00,2024-04-17 14:40:00,SHUTDOWN,causal_mode_v1,2051,fit_and_advice,исключены данные с 2024-04-03 09:00:00 по 2024-04-17 14:40:00 по причине: установка остановлена (режим вне рабочего)
2024-04-17 14:50:00,2024-04-17 14:50:00,TRANSIENT,causal_mode_v1,1,fit_and_advice,исключены данные с 2024-04-17 14:50:00 по 2024-04-17 14:50:00 по причине: переходный режим после пуска
2024-04-17 15:00:00,2024-04-17 15:00:00,SHUTDOWN,causal_mode_v1,1,fit_and_advice,исключены данные с 2024-04-17 15:00:00 по 2024-04-17 15:00:00 по причине: установка остановлена (режим вне рабочего)
2024-04-17 15:10:00,2024-04-17 15:30:00,TRANSIENT,causal_mode_v1,3,fit_and_advice,исключены данные с 2024-04-17 15:10:00 по 2024-04-17 15:30:00 по причине: переходный режим после пуска
2024-04-17 15:40:00,2024-04-17 16:20:00,SHUTDOWN,causal_mode_v1,5,fit_and_advice,исключены данные с 2024-04-17 15:40:00 по 2024-04-17 16:20:00 по причине: установка остановлена (режим вне рабочего)
2024-04-17 16:30:00,2024-04-17 17:00:00,TRANSIENT,causal_mode_v1,4,fit_and_advice,исключены данные с 2024-04-17 16:30:00 по 2024-04-17 17:00:00 по причине: переходный режим после пуска
2024-04-17 17:10:00,2024-04-17 19:30:00,SHUTDOWN,causal_mode_v1,15,fit_and_advice,исключены данные с 2024-04-17 17:10:00 по 2024-04-17 19:30:00 по причине: установка остановлена (режим вне рабочего)
2024-04-17 19:40:00,2024-04-17 19:50:00,TRANSIENT,causal_mode_v1,2,fit_and_advice,исключены данные с 2024-04-17 19:40:00 по 2024-04-17 19:50:00 по причине: переходный режим после пуска
2024-04-17 20:00:00,2024-04-17 22:00:00,SHUTDOWN,causal_mode_v1,13,fit_and_advice,исключены данные с 2024-04-17 20:00:00 по 2024-04-17 22:00:00 по причине: установка остановлена (режим вне рабочего)
2024-04-17 22:10:00,2024-04-17 22:10:00,TRANSIENT,causal_mode_v1,1,fit_and_advice,исключены данные с 2024-04-17 22:10:00 по 2024-04-17 22:10:00 по причине: переходный режим после пуска
2024-04-17 22:20:00,2024-04-17 23:30:00,SHUTDOWN,causal_mode_v1,8,fit_and_advice,исключены данные с 2024-04-17 22:20:00 по 2024-04-17 23:30:00 по причине: установка остановлена (режим вне рабочего)
2024-04-17 23:40:00,2024-04-20 17:30:00,TRANSIENT,causal_mode_v1,396,fit_and_advice,исключены данные с 2024-04-17 23:40:00 по 2024-04-20 17:30:00 по причине: переходный режим после пуска
2024-04-20 17:40:00,2024-04-20 17:40:00,SHUTDOWN,causal_mode_v1,1,fit_and_advice,исключены данные с 2024-04-20 17:40:00 по 2024-04-20 17:40:00 по причине: установка остановлена (режим вне рабочего)
2024-04-20 17:50:00,2024-04-21 01:00:00,TRANSIENT,causal_mode_v1,44,fit_and_advice,исключены данные с 2024-04-20 17:50:00 по 2024-04-21 01:00:00 по причине: переходный режим после пуска
2024-04-21 01:10:00,2024-04-22 09:10:00,SENSOR_FAULT:ht:P3,causal_mode_v1,193,fit_and_advice,исключены данные с 2024-04-21 01:10:00 по 2024-04-22 09:10:00 по причине: отказ датчика давления ht:P3
2024-04-22 09:20:00,2024-04-22 09:40:00,TRANSIENT,causal_mode_v1,3,fit_and_advice,исключены данные с 2024-04-22 09:20:00 по 2024-04-22 09:40:00 по причине: переходный режим после пуска
2024-04-22 09:50:00,2024-04-22 15:10:00,SENSOR_FAULT:ht:P3,causal_mode_v1,33,fit_and_advice,исключены данные с 2024-04-22 09:50:00 по 2024-04-22 15:10:00 по причине: отказ датчика давления ht:P3
2024-04-22 15:20:00,2024-04-23 02:40:00,TRANSIENT,causal_mode_v1,69,fit_and_advice,исключены данные с 2024-04-22 15:20:00 по 2024-04-23 02:40:00 по причине: переходный режим после пуска
2024-04-23 02:50:00,2024-04-23 02:50:00,SENSOR_FAULT:ht:P3,causal_mode_v1,1,fit_and_advice,исключены данные с 2024-04-23 02:50:00 по 2024-04-23 02:50:00 по причине: отказ датчика давления ht:P3
2024-04-23 03:00:00,2024-04-23 03:20:00,TRANSIENT,causal_mode_v1,3,fit_and_advice,исключены данные с 2024-04-23 03:00:00 по 2024-04-23 03:20:00 по причине: переходный режим после пуска
2024-04-23 03:30:00,2024-05-03 21:10:00,SENSOR_FAULT:ht:P3,causal_mode_v1,1547,fit_and_advice,исключены данные с 2024-04-23 03:30:00 по 2024-05-03 21:10:00 по причине: отказ датчика давления ht:P3
2024-04-23 06:30:00,2024-04-23 06:30:00,LIMS_IMPLAUSIBLE,product_sulfur_range,1,product_lims,исключены данные с 2024-04-23 06:30:00 по 2024-04-23 06:30:00 по причине: неправдоподобный лабораторный результат
2024-04-23 10:00:00,2024-04-23 10:00:00,LIMS_IMPLAUSIBLE,product_sulfur_range,1,product_lims,исключены данные с 2024-04-23 10:00:00 по 2024-04-23 10:00:00 по причине: неправдоподобный лабораторный результат
2024-05-03 21:20:00,2024-05-03 23:00:00,TRANSIENT,causal_mode_v1,11,fit_and_advice,исключены данные с 2024-05-03 21:20:00 по 2024-05-03 23:00:00 по причине: переходный режим после пуска
2024-05-03 23:10:00,2024-05-06 13:00:00,SENSOR_FAULT:ht:P3,causal_mode_v1,372,fit_and_advice,исключены данные с 2024-05-03 23:10:00 по 2024-05-06 13:00:00 по причине: отказ датчика давления ht:P3
2024-05-06 13:10:00,2024-05-07 01:00:00,TRANSIENT,causal_mode_v1,72,fit_and_advice,исключены данные с 2024-05-06 13:10:00 по 2024-05-07 01:00:00 по причине: переходный режим после пуска
2024-06-01 17:20:00,2024-06-03 09:50:00,PAK_FLATLINE,causal_run_length,244,pak_measurement,исключены данные с 2024-06-01 17:20:00 по 2024-06-03 09:50:00 по причине: зависание поточного анализатора (флэтлайн)
2024-09-01 07:20:00,2024-09-01 10:50:00,TRANSIENT,causal_mode_v1,22,fit_and_advice,исключены данные с 2024-09-01 07:20:00 по 2024-09-01 10:50:00 по причине: переходный режим после пуска
2024-09-01 11:00:00,2024-09-01 19:10:00,SENSOR_FAULT:ht:P3,causal_mode_v1,50,fit_and_advice,исключены данные с 2024-09-01 11:00:00 по 2024-09-01 19:10:00 по причине: отказ датчика давления ht:P3
2024-09-01 12:20:00,2024-09-03 03:20:00,PAK_FLATLINE,causal_run_length,235,pak_measurement,исключены данные с 2024-09-01 12:20:00 по 2024-09-03 03:20:00 по причине: зависание поточного анализатора (флэтлайн)
2024-09-01 19:20:00,2024-09-03 07:30:00,TRANSIENT,causal_mode_v1,218,fit_and_advice,исключены данные с 2024-09-01 19:20:00 по 2024-09-03 07:30:00 по причине: переходный режим после пуска
2024-10-04 10:30:00,2024-10-04 10:30:00,SENSOR_FAULT:ht:P3,causal_mode_v1,1,fit_and_advice,исключены данные с 2024-10-04 10:30:00 по 2024-10-04 10:30:00 по причине: отказ датчика давления ht:P3
2024-10-04 10:40:00,2024-10-04 22:30:00,TRANSIENT,causal_mode_v1,72,fit_and_advice,исключены данные с 2024-10-04 10:40:00 по 2024-10-04 22:30:00 по причине: переходный режим после пуска
2025-01-14 10:00:00,2025-01-14 17:00:00,PAK_FLATLINE,causal_run_length,43,pak_measurement,исключены данные с 2025-01-14 10:00:00 по 2025-01-14 17:00:00 по причине: зависание поточного анализатора (флэтлайн)
2025-01-15 00:40:00,2025-01-15 10:50:00,PAK_FLATLINE,causal_run_length,62,pak_measurement,исключены данные с 2025-01-15 00:40:00 по 2025-01-15 10:50:00 по причине: зависание поточного анализатора (флэтлайн)
2025-02-03 07:00:00,2025-02-03 09:10:00,PAK_FLATLINE,causal_run_length,14,pak_measurement,исключены данные с 2025-02-03 07:00:00 по 2025-02-03 09:10:00 по причине: зависание поточного анализатора (флэтлайн)
2025-03-23 11:50:00,2025-03-23 17:10:00,PAK_FLATLINE,causal_run_length,33,pak_measurement,исключены данные с 2025-03-23 11:50:00 по 2025-03-23 17:10:00 по причине: зависание поточного анализатора (флэтлайн)
2025-07-24 10:10:00,2025-07-24 22:10:00,TRANSIENT,causal_mode_v1,73,fit_and_advice,исключены данные с 2025-07-24 10:10:00 по 2025-07-24 22:10:00 по причине: переходный режим после пуска
2025-07-24 13:00:00,2025-07-24 13:00:00,LIMS_IMPLAUSIBLE,product_sulfur_range,1,product_lims,исключены данные с 2025-07-24 13:00:00 по 2025-07-24 13:00:00 по причине: неправдоподобный лабораторный результат
2026-01-09 06:00:00,2026-01-09 13:50:00,PAK_FLATLINE,causal_run_length,48,pak_measurement,исключены данные с 2026-01-09 06:00:00 по 2026-01-09 13:50:00 по причине: зависание поточного анализатора (флэтлайн)
2026-01-09 07:50:00,2026-01-09 23:30:00,TRANSIENT,causal_mode_v1,95,fit_and_advice,исключены данные с 2026-01-09 07:50:00 по 2026-01-09 23:30:00 по причине: переходный режим после пуска
2026-04-15 08:30:00,2026-04-27 04:00:00,PAK_FLATLINE,causal_run_length,1702,pak_measurement,исключены данные с 2026-04-15 08:30:00 по 2026-04-27 04:00:00 по причине: зависание поточного анализатора (флэтлайн)
2026-04-15 15:40:00,2026-04-15 17:30:00,TRANSIENT,causal_mode_v1,12,fit_and_advice,исключены данные с 2026-04-15 15:40:00 по 2026-04-15 17:30:00 по причине: переходный режим после пуска
2026-04-15 17:40:00,2026-04-23 11:20:00,SHUTDOWN,causal_mode_v1,1115,fit_and_advice,исключены данные с 2026-04-15 17:40:00 по 2026-04-23 11:20:00 по причине: установка остановлена (режим вне рабочего)
2026-04-23 11:30:00,2026-04-23 11:30:00,TRANSIENT,causal_mode_v1,1,fit_and_advice,исключены данные с 2026-04-23 11:30:00 по 2026-04-23 11:30:00 по причине: переходный режим после пуска
2026-04-23 11:40:00,2026-04-23 11:50:00,SHUTDOWN,causal_mode_v1,2,fit_and_advice,исключены данные с 2026-04-23 11:40:00 по 2026-04-23 11:50:00 по причине: установка остановлена (режим вне рабочего)
2026-04-23 12:00:00,2026-04-23 12:00:00,TRANSIENT,causal_mode_v1,1,fit_and_advice,исключены данные с 2026-04-23 12:00:00 по 2026-04-23 12:00:00 по причине: переходный режим после пуска
2026-04-23 12:10:00,2026-04-23 12:10:00,SHUTDOWN,causal_mode_v1,1,fit_and_advice,исключены данные с 2026-04-23 12:10:00 по 2026-04-23 12:10:00 по причине: установка остановлена (режим вне рабочего)
2026-04-23 12:20:00,2026-04-23 12:40:00,TRANSIENT,causal_mode_v1,3,fit_and_advice,исключены данные с 2026-04-23 12:20:00 по 2026-04-23 12:40:00 по причине: переходный режим после пуска
2026-04-23 12:50:00,2026-04-24 00:40:00,SHUTDOWN,causal_mode_v1,72,fit_and_advice,исключены данные с 2026-04-23 12:50:00 по 2026-04-24 00:40:00 по причине: установка остановлена (режим вне рабочего)
2026-04-24 00:50:00,2026-04-24 01:00:00,TRANSIENT,causal_mode_v1,2,fit_and_advice,исключены данные с 2026-04-24 00:50:00 по 2026-04-24 01:00:00 по причине: переходный режим после пуска
2026-04-24 01:10:00,2026-04-24 01:30:00,SHUTDOWN,causal_mode_v1,3,fit_and_advice,исключены данные с 2026-04-24 01:10:00 по 2026-04-24 01:30:00 по причине: установка остановлена (режим вне рабочего)
2026-04-24 01:40:00,2026-04-24 01:40:00,TRANSIENT,causal_mode_v1,1,fit_and_advice,исключены данные с 2026-04-24 01:40:00 по 2026-04-24 01:40:00 по причине: переходный режим после пуска
2026-04-24 01:50:00,2026-04-24 05:10:00,SHUTDOWN,causal_mode_v1,21,fit_and_advice,исключены данные с 2026-04-24 01:50:00 по 2026-04-24 05:10:00 по причине: установка остановлена (режим вне рабочего)
2026-04-24 05:20:00,2026-04-24 06:00:00,TRANSIENT,causal_mode_v1,5,fit_and_advice,исключены данные с 2026-04-24 05:20:00 по 2026-04-24 06:00:00 по причине: переходный режим после пуска
2026-04-24 06:10:00,2026-04-25 09:10:00,SHUTDOWN,causal_mode_v1,163,fit_and_advice,исключены данные с 2026-04-24 06:10:00 по 2026-04-25 09:10:00 по причине: установка остановлена (режим вне рабочего)
2026-04-25 09:20:00,2026-04-25 16:20:00,TRANSIENT,causal_mode_v1,43,fit_and_advice,исключены данные с 2026-04-25 09:20:00 по 2026-04-25 16:20:00 по причине: переходный режим после пуска
2026-04-25 16:30:00,2026-04-26 03:10:00,SHUTDOWN,causal_mode_v1,65,fit_and_advice,исключены данные с 2026-04-25 16:30:00 по 2026-04-26 03:10:00 по причине: установка остановлена (режим вне рабочего)
2026-04-26 03:20:00,2026-04-26 22:10:00,TRANSIENT,causal_mode_v1,114,fit_and_advice,исключены данные с 2026-04-26 03:20:00 по 2026-04-26 22:10:00 по причине: переходный режим после пуска
2026-05-17 05:30:00,2026-05-17 11:10:00,TRANSIENT,causal_mode_v1,35,fit_and_advice,исключены данные с 2026-05-17 05:30:00 по 2026-05-17 11:10:00 по причине: переходный режим после пуска
2026-05-17 11:00:00,2026-05-18 07:00:00,PAK_FLATLINE,causal_run_length,121,pak_measurement,исключены данные с 2026-05-17 11:00:00 по 2026-05-18 07:00:00 по причине: зависание поточного анализатора (флэтлайн)
2026-05-17 11:20:00,2026-05-17 12:00:00,SHUTDOWN,causal_mode_v1,5,fit_and_advice,исключены данные с 2026-05-17 11:20:00 по 2026-05-17 12:00:00 по причине: установка остановлена (режим вне рабочего)
2026-05-17 12:10:00,2026-05-18 13:40:00,TRANSIENT,causal_mode_v1,154,fit_and_advice,исключены данные с 2026-05-17 12:10:00 по 2026-05-18 13:40:00 по причине: переходный режим после пуска
2026-06-16 13:40:00,2026-06-16 21:40:00,PAK_FLATLINE,causal_run_length,49,pak_measurement,исключены данные с 2026-06-16 13:40:00 по 2026-06-16 21:40:00 по причине: зависание поточного анализатора (флэтлайн)
2026-06-16 14:00:00,2026-06-17 06:10:00,TRANSIENT,causal_mode_v1,98,fit_and_advice,исключены данные с 2026-06-16 14:00:00 по 2026-06-17 06:10:00 по причине: переходный режим после пуска
2026-06-18 05:50:00,2026-06-18 12:50:00,TRANSIENT,causal_mode_v1,43,fit_and_advice,исключены данные с 2026-06-18 05:50:00 по 2026-06-18 12:50:00 по причине: переходный режим после пуска
2026-06-18 11:50:00,2026-07-06 11:20:00,PAK_FLATLINE,causal_run_length,2590,pak_measurement,исключены данные с 2026-06-18 11:50:00 по 2026-07-06 11:20:00 по причине: зависание поточного анализатора (флэтлайн)
2026-06-18 13:00:00,2026-06-19 01:10:00,SHUTDOWN,causal_mode_v1,74,fit_and_advice,исключены данные с 2026-06-18 13:00:00 по 2026-06-19 01:10:00 по причине: установка остановлена (режим вне рабочего)
2026-06-19 01:20:00,2026-06-19 01:40:00,TRANSIENT,causal_mode_v1,3,fit_and_advice,исключены данные с 2026-06-19 01:20:00 по 2026-06-19 01:40:00 по причине: переходный режим после пуска
2026-06-19 01:50:00,2026-06-19 02:20:00,SHUTDOWN,causal_mode_v1,4,fit_and_advice,исключены данные с 2026-06-19 01:50:00 по 2026-06-19 02:20:00 по причине: установка остановлена (режим вне рабочего)
2026-06-19 02:30:00,2026-06-19 02:30:00,TRANSIENT,causal_mode_v1,1,fit_and_advice,исключены данные с 2026-06-19 02:30:00 по 2026-06-19 02:30:00 по причине: переходный режим после пуска
2026-06-19 02:40:00,2026-06-19 03:10:00,SHUTDOWN,causal_mode_v1,4,fit_and_advice,исключены данные с 2026-06-19 02:40:00 по 2026-06-19 03:10:00 по причине: установка остановлена (режим вне рабочего)
2026-06-19 03:20:00,2026-06-19 03:40:00,TRANSIENT,causal_mode_v1,3,fit_and_advice,исключены данные с 2026-06-19 03:20:00 по 2026-06-19 03:40:00 по причине: переходный режим после пуска
2026-06-19 03:50:00,2026-06-19 17:20:00,SHUTDOWN,causal_mode_v1,82,fit_and_advice,исключены данные с 2026-06-19 03:50:00 по 2026-06-19 17:20:00 по причине: установка остановлена (режим вне рабочего)
2026-06-19 17:30:00,2026-06-19 21:20:00,TRANSIENT,causal_mode_v1,24,fit_and_advice,исключены данные с 2026-06-19 17:30:00 по 2026-06-19 21:20:00 по причине: переходный режим после пуска
2026-06-19 21:30:00,2026-06-20 02:10:00,SHUTDOWN,causal_mode_v1,29,fit_and_advice,исключены данные с 2026-06-19 21:30:00 по 2026-06-20 02:10:00 по причине: установка остановлена (режим вне рабочего)
2026-06-20 02:20:00,2026-06-20 14:30:00,TRANSIENT,causal_mode_v1,74,fit_and_advice,исключены данные с 2026-06-20 02:20:00 по 2026-06-20 14:30:00 по причине: переходный режим после пуска
2026-06-20 14:40:00,2026-06-20 14:40:00,SENSOR_FAULT:ht:P3,causal_mode_v1,1,fit_and_advice,исключены данные с 2026-06-20 14:40:00 по 2026-06-20 14:40:00 по причине: отказ датчика давления ht:P3
2026-06-20 14:50:00,2026-06-21 10:10:00,TRANSIENT,causal_mode_v1,117,fit_and_advice,исключены данные с 2026-06-20 14:50:00 по 2026-06-21 10:10:00 по причине: переходный режим после пуска
2026-06-21 10:20:00,2026-06-30 14:20:00,SHUTDOWN,causal_mode_v1,1321,fit_and_advice,исключены данные с 2026-06-21 10:20:00 по 2026-06-30 14:20:00 по причине: установка остановлена (режим вне рабочего)
2026-06-30 14:30:00,2026-07-02 15:30:00,TRANSIENT,causal_mode_v1,295,fit_and_advice,исключены данные с 2026-06-30 14:30:00 по 2026-07-02 15:30:00 по причине: переходный режим после пуска
2026-07-21 00:30:00,2026-07-21 11:10:00,PAK_FLATLINE,causal_run_length,65,pak_measurement,исключены данные с 2026-07-21 00:30:00 по 2026-07-21 11:10:00 по причине: зависание поточного анализатора (флэтлайн)
